"Country.Region","Date","positive","deaths","recovered","currently_positive","positive_diff","deaths_diff","recovered_diff","pop_over_65","population","over_65_per_population","cases_per_population","death_rate"
"Afghanistan",2020-12-12,48229,1956,38200,8073,113,11,59,961,37171,2.58534879341422,1.29748997874687,4.05565116423728
"Albania",2020-12-12,47742,989,24520,22233,879,12,384,396,2883,13.735691987513,16.5598335067638,2.07155125466047
"Algeria",2020-12-12,91638,2584,60028,29026,517,9,438,2687,42231,6.36262461225166,2.16992256872913,2.81979091643205
"Andorra",2020-12-12,7288,78,6629,581,52,0,31,NA,NA,NA,NA,1.07025246981339
"Angola",2020-12-12,16161,366,8841,6954,100,1,43,683,30811,2.21674077439875,0.524520463470838,2.26471134211992
"Antigua and Barbuda",2020-12-12,148,4,138,6,1,0,0,8,96,8.33333333333333,1.54166666666667,2.7027027027027
"Argentina",2020-12-12,1494602,40668,1330160,123774,5274,62,5368,4932,44363,11.1173725852625,33.690282442576,2.72099194300556
"Armenia",2020-12-12,147312,2462,124521,20329,995,17,1047,331,2951,11.2165367671976,49.9193493730939,1.67128271966982
"Australia",2020-12-12,28030,908,25675,1447,5,0,4,3898,24899,15.6552471986827,1.12574802200892,3.23938637174456
"Austria",2020-12-12,319822,4415,277883,37524,3241,126,4380,1689,8893,18.9924659844822,35.9633419543461,1.38045537830418
"Azerbaijan",2020-12-12,171423,1883,107635,61905,4268,43,4085,617,9950,6.20100502512563,17.2284422110553,1.09845236636857
"Bahamas",2020-12-12,7648,163,6043,1442,25,0,0,28,385,7.27272727272727,19.8649350649351,2.13127615062761
"Bahrain",2020-12-12,88965,348,87025,1592,145,1,158,39,1570,2.48407643312102,56.6656050955414,0.391165064913168
"Bangladesh",2020-12-12,489178,7020,417503,64655,1329,34,3185,8324,161377,5.1581080327432,3.0312745930337,1.43506044834396
"Barbados",2020-12-12,292,7,269,16,0,0,0,46,286,16.0839160839161,1.02097902097902,2.3972602739726
"Belarus",2020-12-12,158334,1254,135922,21158,1975,8,1992,1403,9455,14.8387096774194,16.7460602855632,0.791996665277199
"Belgium",2020-12-12,603159,17792,0,585367,2762,100,0,2158,11485,18.789725729212,52.5171092729647,2.94980262252574
"Belize",2020-12-12,9173,192,4279,4702,208,7,60,17,382,4.45026178010471,24.0130890052356,2.09309931320179
"Benin",2020-12-12,3090,44,2972,74,0,0,0,375,11487,3.26455993732045,0.268999738835205,1.42394822006473
"Bhutan",2020-12-12,437,0,400,37,1,0,4,45,755,5.96026490066225,0.578807947019868,0
"Bolivia",2020-12-12,147030,9014,126092,11924,333,1,206,817,11353,7.19633577028098,12.9507619131507,6.1307216214378
"Bosnia and Herzegovina",2020-12-12,100306,3298,65289,31719,763,48,1556,547,3323,16.4610291904905,30.1853746614505,3.28793890694475
"Botswana",2020-12-12,12501,37,9940,2524,0,0,0,95,2255,4.21286031042129,5.54368070953437,0.295976321894248
"Brazil",2020-12-12,6880127,181123,6078287,620717,43900,686,0,18690,209468,8.92260392995589,32.8457186777933,2.63255314909158
"Brunei",2020-12-12,152,3,147,2,0,0,0,20,430,4.65116279069767,0.353488372093023,1.97368421052632
"Bulgaria",2020-12-12,178952,5626,81757,91569,1287,64,2235,1483,7050,21.0354609929078,25.3832624113475,3.14385980598149
"Burkina Faso",2020-12-12,3894,71,2858,965,315,2,66,476,19752,2.40988254353989,0.197144592952612,1.82331792501284
"Burundi",2020-12-12,728,1,640,87,5,0,0,252,11178,2.25442834138486,0.0651279298622294,0.137362637362637
"Cabo Verde",2020-12-12,11302,110,10922,270,40,0,28,25,543,4.60405156537753,20.8139963167587,0.973279065652097
"Cambodia",2020-12-12,359,0,307,52,2,0,0,744,16251,4.57817980431973,0.0220909482493385,0
"Cameroon",2020-12-12,25143,443,23851,849,56,0,0,687,25215,2.72456870910172,0.997144556811422,1.76192180726246
"Canada",2020-12-12,458527,13367,373898,0,5984,100,6061,6389,37073,17.2335662072128,12.3682194589054,2.91520455720165
"Central African Republic",2020-12-12,4936,63,1924,2949,0,0,0,NA,NA,NA,NA,1.27633711507293
"Chad",2020-12-12,1751,102,1603,46,6,0,8,385,15479,2.48724077782802,0.11312100264875,5.8252427184466
"Chile",2020-12-12,569781,15846,543086,10849,1807,64,1741,2160,18730,11.5323011211959,30.4207688200747,2.78106851579818
"China",2020-12-12,94950,4756,88545,1649,101,1,135,160635,1459375,11.0071092077088,0.0650620985010707,5.00895208004213
"Colombia",2020-12-12,1417072,38866,1310425,67781,8163,197,6126,4210,49660,8.47764800644382,28.535481272654,2.74269761875191
"Comoros",2020-12-12,628,7,606,15,11,0,1,25,833,3.00120048019208,0.75390156062425,1.11464968152866
"Congo (Brazzaville)",2020-12-12,6049,99,4988,962,0,0,0,141,5245,2.6882745471878,1.1532888465205,1.63663415440569
"Congo (Kinshasa)",2020-12-12,14342,352,12465,1525,173,2,257,2536,84066,3.01667737254062,0.170604049199439,2.45432994003626
"Costa Rica",2020-12-12,150947,1895,112622,36430,0,0,0,478,5000,9.56,30.1894,1.25540752714529
"Cote d'Ivoire",2020-12-12,21639,133,21261,245,21,0,27,716,25067,2.8563449954123,0.863246499381657,0.614630990341513
"Croatia",2020-12-12,172523,2562,144691,25270,4135,78,3793,851,4159,20.4616494349603,41.4818465977398,1.48501938871919
"Cuba",2020-12-12,9354,137,8371,846,87,1,81,1721,11338,15.1790439230905,0.825013229846534,1.46461406884755
"Cyprus",2020-12-12,14476,75,2057,12344,827,5,0,164,1190,13.781512605042,12.1647058823529,0.518098922354241
"Czech Republic",2020-12-12,575422,9450,503017,62955,6217,109,5189,2072,10668,19.4225721784777,53.9390701162355,1.64227297531203
"Denmark",2020-12-12,107116,935,78236,27945,3552,8,1309,1139,5749,19.8121412419551,18.6321099321621,0.872885469957803
"Diamond Princess",2020-12-12,712,13,699,0,0,0,0,NA,NA,NA,NA,1.82584269662921
"Djibouti",2020-12-12,5725,61,5612,52,4,0,4,43,958,4.48851774530271,5.97599164926931,1.06550218340611
"Dominica",2020-12-12,87,0,76,11,0,0,0,NA,NA,NA,NA,0
"Dominican Republic",2020-12-12,153585,2360,119616,31609,1133,1,739,752,10627,7.07631504657947,14.4523383833631,1.53660839274669
"Ecuador",2020-12-12,201524,13874,174188,13462,759,16,0,1224,17086,7.16375980334777,11.7946857075969,6.88453980667315
"Egypt",2020-12-12,121089,6898,104710,9481,478,21,211,5147,98424,5.22941558969357,1.23027920019507,5.69663635838103
"El Salvador",2020-12-12,41394,1193,37667,2534,653,7,495,532,6422,8.28402366863905,6.44565555901588,2.88206020196164
"Equatorial Guinea",2020-12-12,5185,85,5058,42,2,0,10,33,1310,2.51908396946565,3.95801526717557,1.63934426229508
"Eritrea",2020-12-12,711,0,564,147,55,0,39,155,3452,4.4901506373117,0.205967555040556,0
"Estonia",2020-12-12,17713,148,10626,6939,757,6,93,260,1323,19.6523053665911,13.3885109599395,0.835544515327725
"Eswatini",2020-12-12,6714,127,6331,256,29,1,52,46,1136,4.04929577464789,5.91021126760563,1.89156985403634
"Ethiopia",2020-12-12,116297,1803,92449,22045,515,12,1240,3823,109223,3.50017853382529,1.06476657846791,1.55034093742745
"Fiji",2020-12-12,44,2,35,7,0,0,0,47,881,5.33484676503973,0.0499432463110102,4.54545454545455
"Finland",2020-12-12,30450,453,20000,9997,377,0,0,1198,5523,21.6911099040377,5.51330798479087,1.48768472906404
"France",2020-12-12,2348795,57210,152555,2139030,0,0,0,13021,64990,20.0353900600092,36.1408678258194,2.43571703788538
"Gabon",2020-12-12,9330,63,9182,85,0,0,0,76,2121,3.58321546440358,4.3988684582744,0.67524115755627
"Gambia",2020-12-12,3779,123,3645,11,0,0,0,58,2279,2.54497586660816,1.65818341377797,3.25482931992591
"Georgia",2020-12-12,187006,1744,154241,31021,3907,50,3780,595,4003,14.8638521109168,46.7164626530102,0.932590398169043
"Germany",2020-12-12,1336101,21900,975931,338270,21792,333,9693,17840,83124,21.4619123237573,16.0735888552043,1.6390976430674
"Ghana",2020-12-12,52933,327,51676,930,195,1,158,915,29768,3.07377049180328,1.77818462778823,0.617762076587384
"Greece",2020-12-12,123842,3540,23074,97228,1194,68,0,2279,10523,21.6573220564478,11.768697139599,2.85848096768463
"Grenada",2020-12-12,43,0,41,2,0,0,0,11,110,10,0.390909090909091,0
"Guatemala",2020-12-12,129099,4405,117615,7079,558,29,602,829,17246,4.80691174765163,7.48573582279949,3.41211008605799
"Guinea",2020-12-12,13420,79,12657,684,22,0,31,363,12416,2.9236469072165,1.08086340206186,0.588673621460507
"Guinea-Bissau",2020-12-12,2444,44,2337,63,0,0,0,53,1874,2.8281750266809,1.30416221985059,1.80032733224223
"Guyana",2020-12-12,5879,154,5044,681,40,0,100,50,780,6.41025641025641,7.53717948717949,2.61949311107331
"Haiti",2020-12-12,9491,233,8241,1017,26,0,27,551,11123,4.9536995414906,0.85327699361683,2.45495732799494
"Holy See",2020-12-12,27,0,15,12,0,0,0,NA,NA,NA,NA,0
"Honduras",2020-12-12,114043,2974,51410,59659,335,3,166,450,9589,4.69287725518824,11.8931066847429,2.6077882903817
"Hungary",2020-12-12,276247,6784,79769,189694,5047,162,1069,1861,9709,19.1677824698733,28.452672777835,2.45577327536589
"Iceland",2020-12-12,5552,28,5346,178,13,0,23,50,336,14.8809523809524,16.5238095238095,0.504322766570605
"India",2020-12-12,9857029,143019,9357464,356546,30254,391,33136,83593,1352643,6.17997505624174,7.28723617392024,1.45093415064519
"Indonesia",2020-12-12,611631,18653,501376,91602,6388,142,4490,15677,267669,5.85686052549978,2.28502740324804,3.04971461551164
"Iran",2020-12-12,1100818,51949,800853,248016,8411,222,13000,5059,81799,6.18467218425653,13.4575972811404,4.71912704915799
"Iraq",2020-12-12,573622,12565,505669,55388,1022,16,1772,1278,38433,3.32526734837249,14.9252465329274,2.19046689283187
"Ireland",2020-12-12,75756,2123,23364,50269,249,3,0,668,4819,13.8617970533306,15.7202739157502,2.80241829030044
"Israel",2020-12-12,355786,2983,335243,17560,2517,14,1343,1004,8382,11.9780481985206,42.4464328322596,0.838425345572901
"Italy",2020-12-12,1825775,64036,1076891,684848,19902,649,24728,13793,60626,22.7509649325372,30.1153795401313,3.50733250263587
"Jamaica",2020-12-12,11608,271,7799,3538,99,1,132,259,2935,8.82453151618399,3.95502555366269,2.33459682977257
"Japan",2020-12-12,178272,2462,147368,28442,2962,16,2510,35079,127202,27.5773965818147,1.40148739799689,1.38103572069646
"Jordan",2020-12-12,257275,3335,213344,40596,1816,49,3598,382,9963,3.83418649001305,25.8230452674897,1.29627830142843
"Kazakhstan",2020-12-12,185513,2552,156848,26113,956,1,755,1354,18319,7.39123314591408,10.1268082318904,1.37564483351571
"Kenya",2020-12-12,91526,1586,72596,17344,548,4,1017,1203,51394,2.3407401642215,1.78086936218236,1.73284094137185
"Kosovo",2020-12-12,46118,1186,33064,11868,524,12,566,NA,NA,NA,NA,2.57166399236741
"Kuwait",2020-12-12,146044,911,141825,3308,255,1,256,105,4137,2.53807106598985,35.3019095963258,0.623784612856399
"Kyrgyzstan",2020-12-12,77059,1307,69794,5958,0,0,0,282,6303,4.47405997144217,12.225765508488,1.6961029860237
"Laos",2020-12-12,41,0,33,8,0,0,0,288,7064,4.07701019252548,0.00580407701019253,0
"Latvia",2020-12-12,25046,324,1866,22856,660,5,0,386,1927,20.0311364815776,12.9974052932019,1.29361973967899
"Lebanon",2020-12-12,145245,1190,98584,45471,1540,8,937,480,6862,6.99504517633343,21.1665695132614,0.819305311714689
"Lesotho",2020-12-12,2250,44,1319,887,36,0,17,103,2108,4.88614800759013,1.0673624288425,1.95555555555556
"Liberia",2020-12-12,1676,83,1358,235,0,0,0,156,4819,3.23718613820295,0.347789997924881,4.95226730310263
"Libya",2020-12-12,89880,1278,59839,28763,0,0,0,294,6679,4.40185656535409,13.4571043569397,1.4218958611482
"Liechtenstein",2020-12-12,1482,20,1296,166,16,0,0,NA,NA,NA,NA,1.34952766531714
"Lithuania",2020-12-12,90252,791,38768,50693,3303,27,2600,551,2799,19.6856020007145,32.2443729903537,0.876434871249391
"Luxembourg",2020-12-12,40755,392,31678,8685,0,0,0,85,603,14.0961857379768,67.5870646766169,0.961845172371488
"Madagascar",2020-12-12,17587,259,16992,336,114,4,65,785,26263,2.98899592582721,0.669649316528957,1.47267868311821
"Malawi",2020-12-12,6063,186,5491,386,8,0,1,479,18142,2.64028221805755,0.33419689119171,3.06778822365166
"Malaysia",2020-12-12,82246,411,68084,13751,1937,9,911,2104,31528,6.67343313879726,2.60866531337224,0.499720351141697
"Maldives",2020-12-12,13348,48,12659,641,22,0,19,19,516,3.68217054263566,25.8682170542636,0.359604435121366
"Mali",2020-12-12,5721,189,3566,1966,72,4,29,478,19077,2.50563505792315,0.29988991979871,3.30361824855794
"Malta",2020-12-12,11101,166,9079,1856,121,0,144,89,440,20.2272727272727,25.2295454545455,1.49536077830826
"Marshall Islands",2020-12-12,4,0,4,0,0,0,0,NA,NA,NA,NA,0
"Mauritania",2020-12-12,10780,222,8022,2536,279,12,65,138,4403,3.13422666363843,2.4483306836248,2.05936920222635
"Mauritius",2020-12-12,515,10,478,27,0,0,0,146,1269,11.50512214342,0.405831363278172,1.94174757281553
"Mexico",2020-12-12,1241436,113704,911965,215767,12057,685,7923,9116,126192,7.22391276784582,9.83767592240396,9.15907062466369
"Moldova",2020-12-12,125723,2547,107733,15443,1459,26,1262,464,4050,11.4567901234568,31.0427160493827,2.02588229679534
"Monaco",2020-12-12,668,3,596,69,9,0,2,NA,NA,NA,NA,0.449101796407186
"Mongolia",2020-12-12,907,0,384,523,1,0,0,129,3170,4.06940063091483,0.286119873817035,0
"Montenegro",2020-12-12,40948,578,29614,10756,402,9,152,94,627,14.9920255183413,65.3078149920255,1.41154635147016
"Morocco",2020-12-12,397597,6589,353098,37910,3033,47,3277,2526,36028,7.01121350061064,11.0357777284334,1.6572056630206
"Mozambique",2020-12-12,16812,140,14795,1877,132,1,2,853,29495,2.89201559586371,0.56999491439227,0.832738520104687
"MS Zaandam",2020-12-12,9,2,7,0,0,0,0,NA,NA,NA,NA,22.2222222222222
"Myanmar",2020-12-12,107215,2245,85406,19564,1352,25,1068,3107,53707,5.78509319083174,1.99629471018675,2.0939234248939
"Namibia",2020-12-12,16269,160,14582,1527,172,0,250,89,2447,3.63710666121782,6.64854924397221,0.983465486508083
"Nepal",2020-12-12,247593,1689,234231,11673,899,15,1359,1608,28094,5.72364205880259,8.813020573788,0.68216791266312
"Netherlands",2020-12-12,603603,10019,0,593584,9080,53,0,3276,17062,19.2005626538507,35.3770366897198,1.65986583897032
"New Zealand",2020-12-12,2096,25,2015,56,4,0,5,743,4742,15.6684943061999,0.442007591733446,1.19274809160305
"Nicaragua",2020-12-12,5887,162,4225,1500,0,0,0,338,6464,5.2289603960396,0.910736386138614,2.75182605741464
"Niger",2020-12-12,2199,80,1276,843,39,0,7,583,22442,2.59780768202478,0.0979859192585331,3.63801728058208
"Nigeria",2020-12-12,72757,1194,65850,5713,617,4,128,5382,195875,2.74767070835992,0.371446075303127,1.64107920887337
"North Macedonia",2020-12-12,73025,2096,48726,22203,981,19,556,286,2085,13.7170263788969,35.0239808153477,2.87024991441287
"Norway",2020-12-12,40803,387,17998,22418,364,0,0,912,5341,17.0754540348249,7.63958060288336,0.948459672082935
"Oman",2020-12-12,125669,1463,117327,6879,0,0,0,115,4829,2.38144543383723,26.0238144543384,1.16416936555555
"Pakistan",2020-12-12,438425,8796,383000,46629,3369,72,1792,9153,212230,4.31277387739716,2.06580125335721,2.00627245252894
"Panama",2020-12-12,190585,3331,160641,26613,2806,22,1571,338,4176,8.09386973180077,45.6381704980843,1.74777658262717
"Papua New Guinea",2020-12-12,720,8,601,111,0,0,0,297,8609,3.44987803461494,0.0836334068997561,1.11111111111111
"Paraguay",2020-12-12,92913,1937,65852,25124,800,10,676,447,6957,6.42518326865028,13.355325571367,2.08474594513147
"Peru",2020-12-12,980943,36544,916335,28064,1832,45,1735,2587,31991,8.08664937013535,30.6630927448345,3.72539484964978
"Philippines",2020-12-12,448331,8730,409433,30168,1292,21,104,5463,106651,5.12231483999212,4.20372054645526,1.94722203015183
"Poland",2020-12-12,1126700,22676,840541,263483,11499,502,25185,6643,37922,17.517535994937,29.7109857075049,2.01260317742079
"Portugal",2020-12-12,344700,5461,268453,70786,4413,88,4805,2252,10255,21.9600195026816,33.6128717698684,1.58427618218741
"Qatar",2020-12-12,140827,240,138347,2240,147,0,153,37,2781,1.3304566702625,50.6389787846099,0.170421865125296
"Romania",2020-12-12,551900,13264,451477,87159,6333,148,8309,3577,19504,18.3398277276456,28.2967596390484,2.40333393730748
"Russia",2020-12-12,2602048,45923,2066710,489415,27729,553,25704,21387,145733,14.6754681506591,17.8548990276739,1.76487904911823
"Rwanda",2020-12-12,6528,56,5892,580,100,2,66,363,12304,2.95026007802341,0.530559167750325,0.857843137254902
"Saint Kitts and Nevis",2020-12-12,27,0,23,4,0,0,0,NA,NA,NA,NA,0
"Saint Lucia",2020-12-12,274,4,197,73,0,0,11,18,183,9.83606557377049,1.49726775956284,1.45985401459854
"Saint Vincent and the Grenadines",2020-12-12,94,0,81,13,0,0,0,11,110,10,0.854545454545454,0
"Samoa",2020-12-12,2,0,2,0,0,0,0,10,197,5.0761421319797,0.0101522842639594,0
"San Marino",2020-12-12,1932,51,1575,306,24,1,20,NA,NA,NA,NA,2.63975155279503
"Sao Tome and Principe",2020-12-12,1009,17,947,45,0,0,0,6,210,2.85714285714286,4.8047619047619,1.68483647175421
"Saudi Arabia",2020-12-12,359749,6036,350347,3366,166,13,239,1116,33702,3.31137617945522,10.6744110141831,1.67783649155383
"Senegal",2020-12-12,17061,349,16059,653,168,4,44,490,15855,3.09050772626932,1.07606433301798,2.04560107848309
"Serbia",2020-12-12,261437,2275,0,259162,5679,48,0,1615,8802,18.3481027039309,29.7019995455578,0.870190523912071
"Seychelles",2020-12-12,187,0,182,5,0,0,0,9,98,9.18367346938776,1.90816326530612,0
"Sierra Leone",2020-12-12,2440,75,1850,515,2,0,0,227,7650,2.96732026143791,0.318954248366013,3.07377049180328
"Singapore",2020-12-12,58313,29,58197,87,8,0,5,661,5758,11.4796804445988,10.1273011462313,0.049731620736371
"Slovakia",2020-12-12,130794,1148,95416,34230,3707,26,1883,852,5453,15.6244269209609,23.985695947185,0.877716103185161
"Slovenia",2020-12-12,95481,2041,72290,21150,1744,43,1557,407,2078,19.5861405197305,45.9485081809432,2.13759805615777
"Solomon Islands",2020-12-12,17,0,5,12,0,0,0,23,652,3.52760736196319,0.0260736196319018,0
"Somalia",2020-12-12,4579,121,3529,929,0,0,0,432,15008,2.87846481876333,0.3051039445629,2.64249836208779
"South Africa",2020-12-12,852965,23106,760118,69741,7882,154,1745,3074,57795,5.3187992040834,14.7584566138939,2.70890364786363
"South Korea",2020-12-12,42766,580,31814,10372,1030,2,321,2385,25550,9.33463796477495,1.67381604696673,1.35621755600243
"South Korea",2020-12-12,42766,580,31814,10372,1030,2,321,7379,51171,14.4202771100819,0.835746809716441,1.35621755600243
"South Sudan",2020-12-12,3206,62,3043,101,25,0,40,373,10977,3.39801402933406,0.292065227293432,1.93387398627573
"Spain",2020-12-12,1730575,47624,150376,1532575,0,0,0,9050,46692,19.3823353036923,37.0636297438533,2.75191771521026
"Sri Lanka",2020-12-12,32135,149,23304,8682,760,2,473,2224,21230,10.4757418747056,1.51365991521432,0.46366889684145
"Sudan",2020-12-12,21147,1344,12227,7576,303,4,372,1495,41800,3.57655502392345,0.505909090909091,6.35551142005958
"Suriname",2020-12-12,5340,117,5221,2,1,0,1,40,574,6.96864111498258,9.30313588850174,2.19101123595506
"Sweden",2020-12-12,320098,7514,0,312584,0,0,0,2002,9969,20.0822549904705,32.1093389507473,2.34740610687977
"Switzerland",2020-12-12,373831,5976,291500,76355,0,48,0,1588,8526,18.6253811869575,43.8460004691532,1.59858331706038
"Syria",2020-12-12,9041,506,4319,4216,130,15,76,763,16946,4.50253747196979,0.533518234391597,5.59672602588209
"Taiwan*",2020-12-12,733,7,601,125,8,0,6,NA,NA,NA,NA,0.954979536152797
"Tajikistan",2020-12-12,12624,89,12050,485,36,1,41,273,9100,3,1.38725274725275,0.705006337135615
"Tanzania",2020-12-12,509,21,183,305,0,0,0,1465,56314,2.60148453315339,0.00903860496501758,4.12573673870334
"Thailand",2020-12-12,4209,60,3923,226,17,0,8,8262,69428,11.9000979431929,0.0606239557527222,1.42551674982181
"Timor-Leste",2020-12-12,31,0,30,1,0,0,0,54,1267,4.2620363062352,0.0244672454617206,0
"Togo",2020-12-12,3221,66,2745,410,19,0,19,227,7890,2.87705956907478,0.408238276299113,2.04905308910276
"Trinidad and Tobago",2020-12-12,6864,122,6126,616,12,0,23,150,1391,10.78360891445,4.93457943925234,1.77738927738928
"Tunisia",2020-12-12,110393,3836,84218,22339,1289,35,1056,962,11566,8.31748227563548,9.54461352239322,3.47485800730119
"Turkey",2020-12-12,1809809,16199,1581565,212045,29136,222,1123456,6985,82340,8.48311877580763,21.9797060966723,0.895066827493951
"Uganda",2020-12-12,27071,220,9744,17107,702,0,98,829,42729,1.94013433499497,0.633550984109153,0.812677773262901
"Ukraine",2020-12-12,908839,15528,513249,380062,13219,250,14067,7272,44247,16.4350125432233,20.5401270142609,1.70855344015827
"United Arab Emirates",2020-12-12,183755,609,163048,20098,1154,2,613,105,9630,1.09034267912773,19.0815160955348,0.331419553209437
"United Kingdom",2020-12-12,1830956,64026,0,1766930,21501,520,0,12351,67142,18.3953412171219,27.2699055732626,3.4968617487258
"United States",2020-12-12,16062299,297818,6246605,9517876,219510,2368,111291,51706,327096,15.8075916550493,49.1057640570352,1.85414304639703
"Uruguay",2020-12-12,9180,91,6155,2934,331,1,214,512,3451,14.8362793393219,2.66009852216749,0.991285403050109
"Uzbekistan",2020-12-12,74811,612,72084,2115,0,0,0,1436,32478,4.42145452306177,2.30343617217809,0.818061515017845
"Vanuatu",2020-12-12,1,0,1,0,0,0,0,10,290,3.44827586206897,0.00344827586206897,0
"Venezuela",2020-12-12,107177,949,102289,3939,462,5,466,2100,28887,7.26970609616783,3.71021566794752,0.885451169560633
"Vietnam",2020-12-12,1395,35,1238,122,4,0,0,6951,95546,7.27502982856425,0.0146002972390262,2.5089605734767
"West Bank and Gaza",2020-12-12,108099,961,83123,24015,1477,30,1957,152,4863,3.12564260744396,22.2288710672424,0.888999898241427
"Yemen",2020-12-12,2083,606,1383,94,1,0,0,819,28498,2.87388588672889,0.0730928486209559,29.092654824772
"Zambia",2020-12-12,18217,366,17339,512,56,1,10,364,17350,2.09798270893372,1.0499711815562,2.00911236756875
"Zimbabwe",2020-12-12,11219,307,9359,1553,57,1,35,426,14440,2.95013850415512,0.776939058171745,2.7364292717711
